哎,āi,hey
唉,ài,oh; ah; well
爱护,ài hù,care; cherish; take good care of
爱惜,ài xī,value; cherish; treasure
爱心,ài xīn,compassion; kindness; consideration
暗,àn,dark
岸,àn,shore; coast; bank; 
安慰,ān wèi,to comfort; console
安装,ān zhuāng,to install; mount; erect
熬夜,áo yè,to stay up late or all night
把握,bǎ wò,to grasp; to hold; seize
摆,bǎi,to arrange; set in order; pendulum; lower hem (of a gown/jacket/skirt)
办理,bàn lǐ,deal with; attend to; handle
傍晚,bàng wǎn,towards evening; at nightfall; at dusk
薄,báo,thin; flimsy
宝贝,bǎo bèi,treasure; baby
保持,bǎo chí,to keep; hold; retain; maintain
保存,bǎo cún,preserve; keep; conserve
报道,bào dào,report
报到,bào dào,report for duty; check in; register
报告,bào gào,report; make known; inform
宝贵,bǎo guì,valuable; precious
包裹,bāo guǒ,wrap up; pack up
包含,bāo hán,to contain; embody; include; inclusion
包括,bāo kuò,include
保留,bǎo liú,continue to have; persist; to retain; hold back
报社,bào shè,newspaper office
保险,bǎo xiǎn,guarantee; insurance
抱怨,bào yuàn,complain; grumble
背,bèi,back
悲观,bēi guān,pessimistic
背景,bèi jǐng,background
被子,bèi zi,quilt
本科,běn kē,undergraduate course; regular college course
本领,běn lǐng,capability; capacity; faculty
本质,běn zhì,nature; innate character; intrinsic quality
彼此,bǐ cǐ,each other; both parties; one another
毕竟,bì jìng,after all; all in all; when all is said and done
比例,bǐ lì,scale; proportion; ratio
避免,bì miǎn,to avoid; refrain from; prevent something from happening
必然,bì rán,inevitable; certain; necessarily
必要,bì yào,requisite; necessary; essential
便,biàn,convenience; excrement or urine; relieve oneself
编辑,biān jí,edit; compile
辩论,biàn lùn,argue; debate
鞭炮,biān pào,firecrackers
表达,biǎo dá,to voice (an opinion)
标点,biāo diǎn,punctuation
表面,biǎo miàn,surface
表明,biǎo míng,make known; state clearly; indicate
表情,biǎo qíng,expression; look
表现,biǎo xiàn,expression; representation; display
标志,biāo zhì,sign; symbol; hallmark
病毒,bìng dú,virus
冰激凌,bīng jī líng,ice cream
播放,bō fàng,broadcast
玻璃,bō li,glass
博物馆,bó wù guǎn,museum
脖子,bó zi,neck
布,bù,cloth; textile; proclaim
不安,bù ān,uneasy; unsettled; unstable
补充,bǔ chōng,add; supplement; replenish
不得了,bù dé liǎo,desperately serious disastrous; terrible
不断,bú duàn,ceaseless; uninterrupted; continual continuous; unceasing
不见得,bú jiàn de,not likely; not necessarily
部门,bù mén,department; branch; section
不耐烦,bú nài fán,impatient
不然,bù rán,not the case; otherwise
不如,bù rú,it would be better to …not as good as
不要紧,bú yào jǐn,not important; not serious It doesn't matter; never mind
步骤,bù zhòu,step; move; procedure
不足,bù zú,not enough; insufficient
踩,cǎi,to step on; to stamp on; trample
财产,cái chǎn,property; assets; estate
采访,cǎi fǎng,to interview
彩虹,cǎi hóng,rainbow
采取,cǎi qǔ,to carry out; adopt; take
参考,cān kǎo,to consult; to refer to
惭愧,cán kuì,ashamed
参与,cān yù,to take part; to participate in
操场,cāo chǎng,playground; sports ground; drill ground
操心,cāo xīn,to worry about; to take pains over; be concerned over
册,cè,volume; copy [measure word for books]
测验,cè yàn,test; trial run; examination
曾经,céng jīng,once
插,chā,stick in; to insert; interpose
差别,chā bié,difference
差距,chā jù,gap; disparity
叉子,chā zi,fork; prong
拆,chāi,to tear open; take apart; pull down
产品,chǎn pǐn,product
产生,chǎn shēng,produce
常识,cháng shí,general knowledge
长途,cháng tú,long-distance
抄,chāo,to copy; transcribe; plagiarise
朝,cháo,dynasty; court; government
吵,chǎo,noisy
炒,chǎo,stir-fry
超级,chāo jí,super
吵架,chǎo jià,to quarrel; have a row
潮湿,cháo shī,damp; moist; humidy
彻底,chè dǐ,thorough
车库,chē kù,garage
车厢,chē xiāng,railway carriage; compartment
趁,chèn,to take advantage of; avail oneself of
沉默,chén mò,reticent; taciturn; uncommunicative
称,chēng,fit; match; to name
承担,chéng dān,bear; to undertake; assume
程度,chéng dù,level; degree; extent
成分,chéng fèn,composition; component part; ingredient
成果,chéng guǒ,achievement; gain; positive result
称呼,chēng hu,call; address
成就,chéng jiù,achievement; accomplishment; attainment
诚恳,chéng kěn,sincere; earnest
成立,chéng lì,found; to establish; set up
成人,chéng rén,adult
承认,chéng rèn,to admit; to acknowledge; to recognise
承受,chéng shòu,to bear; support; to endure; inherit
成熟,chéng shú,mature
程序,chéng xù,order; procedure; sequence
成语,chéng yǔ,set phrase; idiom; proverb
称赞,chēng zàn,to praise; to acclaim; to commend
成长,chéng zhǎng,to grow up
翅膀,chì bǎng,wing [of a bird]
吃亏,chī kuī,to suffer losses; come to grief; take a beating
池塘,chí táng,pool; pond
持续,chí xù,last; continue; sustain
迟早,chí zǎo,sooner or later
尺子,chǐ zi,ruler
冲,chōng,to flush; vigorously; on the strength of
充电器,chōng diàn qì,(battery) charger
充分,chōng fèn,full; ample
重复,chóng fù,to repeat; to duplicate; iterate
充满,chōng mǎn,be filled with; be full of
宠物,chǒng wù,pet
丑,chǒu,ugly; clown in Beijing opera; the second of the Twelve Earthly Branches
臭,chòu,smelly; stinking
抽屉,chōu ti,drawer
抽象,chōu xiàng,abstract
出版,chū bǎn,publish; come off the press
除非,chú fēi,only if; only when; unless
初级,chū jí,elementary; primary; initial
出口,chū kǒu,exit [from a building]
处理,chǔ lǐ,to handle; deal with; manage
出色,chū sè,outstanding; remarkable; splendid
出示,chū shì,to show
出席,chū xí,to attend; to be present
除夕,chú xī,(lunar) New Year’s Eve
传播,chuán bō,disseminate; propagate
传染,chuán rǎn,infect; be contagious
传说,chuán shuō,legend; lore
传统,chuán tǒng,tradition; custom
闯,chuǎng,to rush; charge
窗帘,chuāng lián,curtains; sunblind
创造,chuàng zào,create
吹,chuī,to blow; puff
词汇,cí huì,vocabulary; words and phrases
刺激,cì jī,to stimulate; provoke; irritate
此外,cǐ wài,besides; in addition; furthermore
次要,cì yào,less important; secondary; subordinate
辞职,cí zhí,to resign; hand in one's resignation
从此,cóng cǐ,from this time on; from now; then on
从而,cóng ér,thus; therebyupon
匆忙,cōng máng,hastily; in a hurry
从前,cóng qián,in the past; formerly
从事,cóng shì,go in for; devote oneself to; be to engaged in [formal]
醋,cù,vinegar
粗糙,cū cāo,coarse
促进,cù jìn,promote; boost; accelerate
促使,cù shǐ,precipitate; impel; to urge
催,cuī,to urge; hurry; to hasten
存在,cún zài,to exist; be
措施,cuò shī,measure; step
达到,dá dào,to achieve; attain; reach
大方,dà fang,generous; liberal
打工,dǎ gōng,do manual work
打交道,dǎ jiāo dào,make contact with; have dealings with
打喷嚏,dǎ pēn tì,to sneeze
大厦,dà shà,large building; edifice
打听,dǎ ting,to ask about; inquire about
大象,dà xiàng,elephant
大型,dà xíng,large-scale
答应,dā ying,answer; reply; to agree
呆,dāi,slow-witted; stupid; to stay
代表,dài biǎo,to stand for; on behalf of representative
贷款,dài kuǎn,to provide a loan; make an advance to; extend credit to
代替,dài tì,instead
待遇,dài yù,treatment
淡,dàn,thin; light in colour; tasteless
单纯,dān chún,simple; pure; alone
单调,dān diào,monotonous; dull; drab
单独,dān dú,alone; by oneself; on one's own; single-handed
担任,dān rèn,assume the office of; to hold the post of
单位,dān wèi,unit
耽误,dān wu,delay; hold up
胆小鬼,dǎn xiǎo guǐ,coward
单元,dān yuán,unit; cell
挡,dǎng,to block; hinder; resist
当地,dāng dì,local area
当心,dāng xīn,be careful
到达,dào dá,to arrive; get to reach
道德,dào dé,morality; ethics
道理,dào lǐ,reason; principle; truth
倒霉,dǎo méi,fall on hard times; have bad luck
导演,dǎo yǎn,director
岛屿,dǎo yǔ,islands and islets
导致,dǎo zhì,to cause; lead to; result in
等待,děng dài,to wait for; to await
登记,dēng jì,to register; check in
等于,děng yú,equal to; equivalent to; be worth
滴,dī,to drip; to drop; droplet
递,dì,to hand over; to pass on; progressively
地道,dì dao,tunnel; underpass; typical [of a place]
地理,dì lǐ,geographical features of a place; geography
地区,dì qū,area; district; region
的确,dí què,really; and no mistake; indeed
敌人,dí rén,enemy; foe
地毯,dì tǎn,carpet; rug
地位,dì wèi,position; standing; status
地震,dì zhèn,earthquake; tremour
电池,diàn chí,battery; cell
电台,diàn tái,transceiver; radio station
点心,diǎn xin,snack; dim sum
钓,diào,fish with a hook and line; angle
顶,dǐng,"apex; [measure word for something with a top (e.g. hat, tent, etc.)]"
洞,dòng,hole; cavity
冻,dòng,frozen; jelly
动画片,dòng huà piān,cartoon
逗,dòu,to tease; play with; amuse
豆腐,dòu fu,bean curd; tofu
度过,dù guò,spend; pass
独立,dú lì,stand alone; independent; on one's own
独特,dú tè,unique; distinctive
断,duàn,to break
堆,duī,heap; pile; crowd
对比,duì bǐ,contrast; comparison; ratio
对待,duì dài,to treat; handle; be in a position related to another
对方,duì fāng,counterpart; the other party
兑换,duì huàn,exchange; convert
对手,duì shǒu,opponent; adversary; rival
对象,duì xiàng,target; object; partner
吨,dūn,ton
蹲,dūn,squat on the heels; to crouch
顿,dùn,"[measure word for occurences, and therefore of meals]"
朵,duǒ,stem; [measure word for flowers]
躲藏,duǒ cáng,to hide oneself; go into hiding
多亏,duō kuī,thanks to; owing to; fortunately
多余,duō yú,unnecessary; surplus; superfluous
恶劣,è liè,odious; vile; disgusting
耳环,ěr huán,earrings
发表,fā biǎo,to issue; to publish; report
发愁,fā chóu,to worry; to be anxious; sullen
发达,fā dá,developed; advanced; prosperous
发抖,fā dǒu,to shiver; shake; tremble
发挥,fā huī,bring into play; give free rein to
罚款,fá kuǎn,(impose a) fine
发明,fā míng,invent; expound
发票,fā piào,bill; receipt
发言,fā yán,speak; make a statement; take the floor
法院,fǎ yuàn,court of law
翻,fān,turn over; turn around; reverse
反而,fǎn ér,on the contrary; instead
反复,fǎn fù,repeatedly; again and again; over and over
繁荣,fán róng,flourishing; prosperous; booming
范围,fàn wéi,range
反映,fǎn yìng,to mirror
反应,fǎn yìng,reaction; response; repercussion
反正,fǎn zhèng,anyway; anyhow; in any case
方,fāng,square; honest; just now
妨碍,fáng ài,to hinder; hamper; impede
方案,fāng àn,scheme; plan; programme
仿佛,fǎng fú,to seem as if; be more or less the same; be alike
非,fēi,un-; non-; short for Africa
废话,fèi huà,superfluous words; nonsense; rubbish
肥皂,féi zào,soap
分别,fēn bié,to part; distinguish; differentiate
分布,fēn bù,to distribute; spread; scatter
奋斗,fèn dòu,struggle; to fight for; to strive for
纷纷,fēn fēn,one after another; in succession
分配,fēn pèi,distribute; allocate; assign
分手,fēn shǒu,part company; say good-bye; separate
分析,fēn xī,analysis
讽刺,fěng cì,satire; sarcasm; to mock
风格,fēng gé,style; form; manner
风景,fēng jǐng,scenery
疯狂,fēng kuáng,insane; frenzied; crazy
风俗,fēng sú,custom
风险,fēng xiǎn,risk; hazard; danger
否定,fǒu dìng,to negate; to deny
否认,fǒu rèn,to deny; repudiate
扶,fú,hold up; support with the hand; to  help somebody up
幅,fú,"width of cloth; [measure word (for paintings, pictures, textiles etc.)]"
辅导,fǔ dǎo,to coach; train; tutor
妇女,fù nǚ,woman
复制,fù zhì,to duplicate; reproduce; copy
服装,fú zhuāng,dress; clothing; costume
盖,gài,cover; lid
改革,gǎi gé,reform
改进,gǎi jìn,to improve; make better; mend
概括,gài kuò,to summarise; generalise; epitomise
概念,gài niàn,concept; notion; idea
改善,gǎi shàn,to improve
改正,gǎi zhèng,to correct; to amend; put right
干脆,gān cuì,clear-cut; straightforward; frank
干活儿,gàn huó er,to work [often manual] on a job
感激,gǎn jī,to feel grateful; be thankful
赶紧,gǎn jǐn,at once; losing no time; hasten
赶快,gǎn kuài,at once; quickly
感受,gǎn shòu,be affected by; feeling; perception
感想,gǎn xiǎng,impression; reflection; thought
干燥,gān zào,dull; dry
钢铁,gāng tiě,iron and steel
搞,gǎo,to make/do; carry on; be engaged in
告别,gào bié,bid farewell to; to say good-bye to
高档,gāo dàng,top; superior quality
高级,gāo jí,advanced; high level
隔壁,gé bì,next door
个别,gè bié,individually; separately
个人,gè rén,oneself; personal; individual
格外,gé wài,especially; exceptionally
个性,gè xìng,individual character; personality
各自,gè zì,each; by oneself; respective
根,gēn,"root; descendants; completely; [measure word for long, slender objects]"
根本,gēn běn,root; basic; fundamental
公布,gōng bù,to announce; make public
工厂,gōng chǎng,factory; plant; works
工程师,gōng chéng shī,engineer
工具,gōng jù,tool
公开,gōng kāi,open; overt; to make public
功能,gōng néng,function
公平,gōng píng,fair; just
工人,gōng rén,(manual) worker; labourer
恭喜,gōng xǐ,congratulate
贡献,gòng xiàn,to dedicate; devote; contribution
工业,gōng yè,industry
公寓,gōng yù,flats; apartment
公元,gōng yuán,the Christian/Common era
公主,gōng zhǔ,princess
构成,gòu chéng,to constitute; form; consist of
沟通,gōu tōng,to communicate; link up; connect
古代,gǔ dài,ancient; archaic; antiquity
古典,gǔ diǎn,classical
固定,gù dìng,fixed; fasten
姑姑,gū gu,aunt [father's sister]
姑娘,gū niang,girl
股票,gǔ piào,shares; stock; equity
骨头,gǔ tou,bone
鼓舞,gǔ wǔ,to inspire; hearten; embolden
鼓掌,gǔ zhǎng,applaud
挂号,guà hào,register; send by registered mail
乖,guāi,obeident; well-behaved [child]
怪不得,guài bu de,no wonder; so that's why
拐弯,guǎi wān,to turn a corner; turn round; pursue a new course
官,guān,government official
关闭,guān bì,to close; to shut
观察,guān chá,observe; watch; survey
观点,guān diǎn,point of view; standpoint
冠军,guàn jūn,champion
观念,guān niàn,sense; concept; perception
管子,guǎn zi,tube; pipe; valve
广场,guǎng chǎng,(public) square
广大,guǎng dà,vast; wide; extensive
广泛,guǎng fàn,extensive; wide-ranging
光滑,guāng huá,smooth; glossy; slick
光临,guāng lín,to honour with your presence
光明,guāng míng,light; bright; openhearted
光盘,guāng pán,laser disc (eg CD or DVD)
规矩,guī ju,rule; established practice; custom
规律,guī lǜ,law; regular pattern
规模,guī mó,scale; scope; dimensions
归纳,guī nà,induce; conclude; sum up
柜台,guì tái,counter; bar
规则,guī zé,rule; regulation
滚,gǔn,to roll; trundle
锅,guō,pan; pot; wok
过分,guò fèn,excessive; go too far
过敏,guò mǐn,allergy; irritability
过期,guò qī,exceed the time limit; be overdue; expire
国庆节,guó qìng jié,National Day
果然,guǒ rán,really
果实,guǒ shí,fruit; gains
国王,guó wáng,king
哈,hā,ha
海关,hǎi guān,customs [import/export]
海鲜,hǎi xiān,seafood
喊,hǎn,shout; cry out; yell
行业,háng yè,trade; profession; industry
豪华,háo huá,luxurious; sumptuous
好客,hào kè,be hospitable
好奇,hào qí,curious
何必,hé bì,there is no need
合法,hé fǎ,legal; legitimate; rightful
何况,hé kuàng,much less; let alone
合理,hé lǐ,rational; reasonable; equitable
和平,hé píng,peace; mild
合同,hé tong,agreement; contract
核心,hé xīn,core; kernel; heart
合影,hé yǐng,group photo
合作,hé zuò,cooperate; collaborate; work together
恨,hèn,hate; regret
后背,hòu bèi,back
后果,hòu guǒ,consequence; aftermath
猴子,hóu zi,monkey
壶,hú,kettle; pot; flask
蝴蝶,hú dié,butterfly
忽然,hū rán,suddenly
忽视,hū shì,ignore; look down upon; overlook
胡说,hú shuō,nonsense; rubbish; drivel
胡同,hú tòng,alleyway; lane
糊涂,hú tu,muddled; confused; bewildered
呼吸,hū xī,to breathe; respire
滑,huá,slippery
划,huà,to assign
花生,huā shēng,peanut
话题,huà tí,subject of a talk; topic of conversation
化学,huà xué,chemistry
华裔,huá yì,foreign citizen of Chinese origin
怀念,huái niàn,cherish the memory of; remember fondly
怀孕,huái yùn,be pregnant; conceive
缓解,huǎn jiě,relieve; ease
幻想,huàn xiǎng,illusion; fantasy; figment of one's imagination
黄金,huáng jīn,gold
慌张,huāng zhāng,flustered; confused; trepidation
挥,huī,wave; wield; wipe off
灰,huī,grey; ash; dust
灰尘,huī chén,dust; dirt; ash
恢复,huī fù,resume; renew; to recover
汇率,huì lǜ,exchange rate
灰心,huī xīn,to lose heart; to be discouraged; be disappointed
婚礼,hūn lǐ,wedding
婚姻,hūn yīn,marriage; matrimony
伙伴,huǒ bàn,partner; companion; colleague
火柴,huǒ chái,match
或许,huò xǔ,perhaps; maybe
活跃,huó yuè,brisk; dynamic; lively
基本,jī běn,basic; fundamental
及格,jí gé,"pass (a test, examination etc)"
集合,jí hé,to gather
激烈,jī liè,intense; sharp; fierce
系领带,jì lǐng dài,tie a (neck)tie
纪录,jì lù,to record
记录,jì lù,take notes; keep the minutes
纪律,jì lǜ,discipline
急忙,jí máng,in a hurry; in haste
寂寞,jì mò,lonely; lonesome
纪念,jì niàn,commemorate
机器,jī qì,machine; engine; apparatus
极其,jí qí,extremely
肌肉,jī ròu,muscle
计算,jì suàn,count; compute; calculate
集体,jí tǐ,collective; community; group
记忆,jì yì,recall; memory; storage
急诊,jí zhěn,emergency call
集中,jí zhōng,to concentrate; focus; pay attention
甲,jiǎ,shell; nail; first; the first of the ten Heavenly Stems
嫁,jià,marry; shift; transfer
嘉宾,jiā bīn,honoured guest
假如,jiǎ rú,if; supposing; in case
假设,jiǎ shè,suppose; assume; presume
驾驶,jià shǐ,drive; pilot; steer
家庭,jiā tíng,family; household
家务,jiā wù,house work
家乡,jiā xiāng,home town;native place
价值,jià zhí,value; cost; worth
假装,jiǎ zhuāng,to pretend; feign
夹子,jiā zi,folder; tongs; clamp; clip
捡,jiǎn,to pick up; collect; to gather
肩膀,jiān bǎng,shoulder
剪刀,jiǎn dāo,scissors; shears
艰巨,jiān jù,arduous; formidable; onerous
坚决,jiān jué,firm; resolute; determined
艰苦,jiān kǔ,arduous; difficult; tough
简历,jiǎn lì,Curriculum Vitae (CV); résumé
建立,jiàn lì,build; set up; establish
键盘,jiàn pán,keyboard
坚强,jiān qiáng,strong; firm; staunch
建设,jiàn shè,to build; to construct; develop
健身,jiàn shēn,keep fit
兼职,jiān zhí,hold two or more posts concurrently; part-time job
简直,jiǎn zhí,simply
建筑,jiàn zhù,build; construct; erect
讲究,jiǎng jiu,be particular about; to pay attention to
酱油,jiàng yóu,soy sauce
讲座,jiǎng zuò,series of lectures
浇,jiāo,sprinkle water on; irrigate; to water
教材,jiào cái,teaching material
角度,jiǎo dù,angle; point of view
狡猾,jiǎo huá,sly; crafty; cunning
交换,jiāo huàn,swap; to exchange
交际,jiāo jì,communication; social intercourse
教练,jiào liàn,train; drill; (sports) coach
胶水,jiāo shuǐ,glue
交往,jiāo wǎng,be in contact with; associate with
教训,jiào xun,lesson; moral
届,jiè,"fall due; [measure word for meetings, events, etc.]"
戒,jiè,to give up or stop doing something
接触,jiē chù,come into contact with; to get in touch with; engage
接待,jiē dài,to receive (visitor); admit
阶段,jiē duàn,section; stage; phase
结构,jié gòu,structure; composition; construction
结合,jié hé,to combine; unite; integrate
接近,jiē jìn,be close to; to approach
借口,jiè kǒu,use as an excuse; on the pretext of
结论,jié lùn,conclusion; verdict; epilogue
节省,jié shěng,to economise; save; use sparingly
结实,jiē shi,solid; sturdy; durable
结账,jié zhàng,to pay the bill
戒指,jiè zhi,ring [jewellry]
进步,jìn bù,progress
近代,jìn dài,modern times
紧急,jǐn jí,urgent; pressing
进口,jìn kǒu,import; entrance; sail into a port
尽快,jǐn kuài,as quickly  as possible
尽力,jìn lì,to do all one can; try one's best
尽量,jìn liàng,to the best of one's ability; as far as possible
谨慎,jǐn shèn,prudent; careful; cautious
金属,jīn shǔ,metal
经典,jīng diǎn,classics
精力,jīng lì,energy; vigour; vim
经商,jīng shāng,engage in trade; be in business
精神,jīng shén,essence; spirit
经营,jīng yíng,manage; to operate; to run
救,jiù,to rescue; save
酒吧,jiǔ bā,bar 
救护车,jiù hù chē,ambulance
舅舅,jiù jiu,uncle [mother's brother]
具备,jù bèi,possess; have; be provided with
巨大,jù dà,huge; enormous; gigantic
俱乐部,jù lè bù,club
居然,jū rán,unexpectedly; to one's surprise
据说,jù shuō,it is said; they say; allegedly
具体,jù tǐ,concrete; specific; particular
桔子,jú zi,tangerine
捐,juān,relinquish; contribute; donate
绝对,jué duì,absolutely; perfectly
决赛,jué sài,finals [of a competition]
角色,jué sè,role; part
决心,jué xīn,determination; resolution
军事,jūn shì,military affairs
均匀,jūn yún,even; well-distributed; equality
卡车,kǎ chē,lorry; truck
开发,kāi fā,develop; open up; exploit
开放,kāi fàng,lift a restriction; open up (to the outside world/ public etc.)
开幕式,kāi mù shì,inauguration; opening ceremony
开水,kāi shuǐ,boiling water
砍,kǎn,cut; chop; hack
看不起,kàn bu qǐ,look down upon; scorn; disdain
看望,kàn wàng,call on; visit
靠,kào,lean on
颗,kē,grain; [measure word for anything small and roundish]
克,kè,gram
课程,kè chéng,curriculum; course
克服,kè fú,overcome; conquer; endure
客观,kè guān,objective
可见,kě jiàn,it is thus clear that; visible; visual
可靠,kě kào,reliable; dependable; trustworthy
刻苦,kè kǔ,assiduous; hardworking; painstaking
可怕,kě pà,frightening; dreadful
空间,kōng jiān,space; enclosure
空闲,kòng xián,free time; spare time
控制,kòng zhì,control; regulate
口味,kǒu wèi,flavour/taste
夸,kuā,exaggerate; boast
夸张,kuā zhāng,to exaggerate
会计,kuài jì,accountancy
宽,kuān,wide
昆虫,kūn chóng,insect
扩大,kuò dà,to expand
辣椒,là jiāo,chilli
拦,lán,bar; block; hinder
烂,làn,mashed; mushy; sodden
朗读,lǎng dú,read aloud; read loudly and clearly
老百姓,lǎo bǎi xìng,common people; civilians
老板,lǎo bǎn,boss; proprietor; shopkeeper
劳动,láo dòng,labour; bother
劳驾,láo jià,excuse me
姥姥,lǎo lao,grandmother [mother's mother]
老婆,lǎo po,wife [colloquial]
老实,lǎo shi,honest; frank
老鼠,lǎo shǔ,mouse; rat
乐观,lè guān,optimistic
雷,léi,thunder
类型,lèi xíng,type
冷淡,lěng dàn,treat coldly; give the cold shoulder to
梨,lí,pear
离婚,lí hūn,divorce
立即,lì jí,immediately; at once; promptly
立刻,lì kè,immediately; at once; right away
力量,lì liang,physical strength; power
理论,lǐ lùn,theory
厘米,lí mǐ,centimetre
利润,lì rùn,profit
利息,lì xī,interest rate
利益,lì yì,gain; benefit; profit
利用,lì yòng,make use of; take advantage of
理由,lǐ yóu,reason; justification
恋爱,liàn ài,love
联合,lián hé,alliance; union
连忙,lián máng,promptly; immediately; instantly
连续,lián xù,continuous
亮,liàng,bright; to shine
良好,liáng hǎo,good; fine
粮食,liáng shi,grain; cereals
了不起,liǎo bu qǐ,amazing; terrific; extraordinary
列车,liè chē,train
临时,lín shí,temporary; provisional
铃,líng,bell; [bell-shaped things]
领导,lǐng dǎo,lead; leader
灵活,líng huó,nimble; agile; flexible
零件,líng jiàn,part; element; component
零食,líng shí,snacks; nibbles between meals
领域,lǐng yù,territory; domain; field
流传,liú chuán,spread; circulate; hand down
浏览,liú lǎn,glance over; skim through; browse
流泪,liú lèi,to shed tears
龙,lóng,dragon
漏,lòu,to leak; divulge; disclose
陆地,lù dì,dry land; terrace
录取,lù qǔ,enroll; recruit; admit to
陆续,lù xù,one after another; in succession
录音,lù yīn,sound recording; film recording
轮流,lún liú,take turns; rotation
论文,lùn wén,thesis; dissertation; treatise
落后,luò hòu,fall behind; lag behind; backward
逻辑,luó ji,logic
骂,mà,scold; abuse; call names
麦克风,mài kè fēng,microphone
馒头,mán tou,[steamed bread]
满足,mǎn zú,satisfied; content
毛病,máo bìng,illness; disease; fault
矛盾,máo dùn,contradictory
冒险,mào xiǎn,take a risk; adventure
贸易,mào yì,trade
魅力,mèi lì,enchantment
眉毛,méi mao,eyebrow
美术,měi shù,art
煤炭,méi tàn,coal
媒体,méi tǐ,media
梦想,mèng xiǎng,hope vainly; pipe dream
蜜蜂,mì fēng,(honey) bee
秘密,mì mì,secret; clandestine; confidential
密切,mì qiè,close; intimate; carefully
秘书,mì shū,secretary
面对,miàn duì,face; confront
面积,miàn jī,area
面临,miàn lín,be faced with; be up against
苗条,miáo tiáo,slender; slim
描写,miáo xiě,describe; depict; portray
敏感,mǐn gǎn,sensitive; susceptible; tactful
命令,mìng lìng,order; command; directive
名牌,míng pái,famous brand
名片,míng piàn,business card; visiting card
明确,míng què,clear and definite; clear-cut; unequivocal
名胜古迹,míng shèng gǔ jì,places of historic interest and scenic beauty
明显,míng xiǎn,clear; obvious; evident
明星,míng xīng,celebrity; star
命运,mìng yùn,destiny; lot; fortune
摸,mō,feel [with the hand]
模仿,mó fǎng,to imitate; to copy; model oneself on
模糊,mó hu,vague; indistinct; obscure
陌生,mò shēng,strange; unfamiliar; inexperienced
模特,mó tè,model
摩托车,mó tuō chē,motorcycle
某,mǒu,certain; some
目标,mù biāo,aim; objective; goal
目录,mù lù,catalogue; table of contents
目前,mù qián,at present
木头,mù tou,wood; log; timber
哪怕,nǎ pà,even if; even though
难怪,nán guài,no wonder
难免,nán miǎn,hard to avoid
脑袋,nǎo dài,head; brains
内部,nèi bù,interior
内科,nèi kē,internal medicine
嫩,nèn,tender; delicate; underdone
能干,néng gàn,able; capable; competent
能源,néng yuán,energy
嗯,ng,huh; yeah
念,niàn,to read aloud; attend school; think of
年代,nián dài,years; a decade of a century
年纪,nián jì,age
宁可,nìng kě,would rather; better
牛仔裤,niú zǎi kù,jeans
浓,nóng,dense; thick; concentrated
农村,nóng cūn,countryside rural area
农民,nóng mín,farmer; peasant
农业,nóng yè,agriculture; farming
女士,nǚ shì,lady; Madam; Miss
偶然,ǒu rán,accidentally; fortuitous; incidental
欧洲,oū zhōu,Europe
拍,pāi,to clap; slap; bat; racket; to take (a photo)
派,pài,faction; clique; to dispatch
盼望,pàn wàng,hope for; long for; yearn for
赔偿,péi cháng,compensate for; pay for
佩服,pèi fú,to admire; have a high opinion of
配合,pèi hé,suitable; fit; matching
培训,péi xùn,training; cultivate
培养,péi yǎng,train; foster
盆,pén,basin; tub; pot
碰,pèng,to meet with
批,pī,to criticize; refute; batch
披,pī,to drape over one's shoulders; to wrap around; unroll
匹,pǐ,[measure word for horses and cloth]
疲劳,pí láo,tired; fatigued; weary
批准,pī zhǔn,ratify; approve; authorise
片,piàn,"[flat, thin piece of]; slice; flake"
片面,piàn miàn,unilateral; one-sided
飘,piāo,wave to and fro; float; flutter
频道,pín dào,(frequency) channel
拼音,pīn yīn,Pinyin [Chinese romanization system]
平,píng,flat; level; even; equal
凭,píng,lean on; depend on; evidence
平安,píng ān,"peace, safe and sound"
平常,píng cháng,ordinarily; generally; usually
平等,píng děng,equal; equality
平方,píng fāng,square
平衡,píng héng,balance; equilibrium
评价,píng jià,appraise; evaluate; assess
平静,píng jìng,calm; quiet; tranquil
平均,píng jūn,average; mean; equally
破产,pò chǎn,to go bankrupt; go broke; become insolvent
破坏,pò huài,destroy; wreck; ruin
迫切,pò qiè,urgent; pressing
期待,qī dài,anticipate; await; expect
启发,qǐ fā,inspire; illuminate; enlighten
气氛,qì fēn,atmosphere; air
奇迹,qí jì,miracle; wonder; marvel
期间,qī jiān,time; period; duration
企业,qǐ yè,enterprise; establishment; business
汽油,qì yóu,gasoline; petrol
其余,qí yú,the others; rest; remainder
签,qiān,to sign
浅,qiǎn,light [colour]; shallow
欠,qiàn,yawn; owe; be behind with
前途,qián tú,future; prospect; promise
谦虚,qiān xū,modest; self-effacing
枪,qiāng,spear; rifle; gun
墙,qiáng,wall
抢,qiǎng,knock; grab; rob
强调,qiáng diào,stress; emphasize; underline
强烈,qiáng liè,strong; intense; violent
瞧,qiáo,look; see
巧妙,qiǎo miào,ingenious; clever
悄悄,qiāo qiāo,quietly; whisper; on the quiet
切,qiē,cut; slice
亲爱,qīn ài,dear; beloved
勤奋,qín fèn,diligent; assiduous; industrious
亲切,qīn qiè,kind; amiable; cordial
亲自,qīn zì,in person; oneself
青,qīng,blue or green [colour of water or grass]
青春,qīng chūn,youth
清淡,qīng dàn,light; mild; delicate
情景,qíng jǐng,scene; sight; circumstances
请求,qǐng qiú,request; demand; beg
青少年,qīng shào nián,youngsters
轻视,qīng shì,despise; look down on
情绪,qíng xù,mood; sentiments; feeling
轻易,qīng yì,easily
庆祝,qìng zhù,celebration(s); to celebrate
球迷,qiú mí,fan (of a ball sport)
娶,qǔ,marry [a woman]
趋势,qū shì,trend; tendency
去世,qù shì,die; pass away
取消,qǔ xiāo,cancel; call off; abolish
圈,quān,circle; ring
劝,quàn,advise; urge; try to persuade
权力,quán lì,power; authority
权利,quán lì,(legal) right; interest
全面,quán miàn,all-round; entire; comprehensive;
确定,què dìng,define; fix; determine
缺乏,quē fá,be short of; lack; deficiency
确认,què rèn,affirm; confirm; acknowledge
群,qún,group
燃烧,rán shāo,burn; kindle; set on fire
绕,rào,wind; coil; move round
热爱,rè ài,have deep love for; love heartily
热烈,rè liè,warm; heartily; fervent
热心,rè xīn,enthusiastic; ardent; earnest
忍不住,rěn bu zhù,unbearable; unable to restrain
人才,rén cái,a talented person; talent
人口,rén kǒu,population
人类,rén lèi,humanity
人民币,rén mín bì,Renminbi [Chinese currency]
人生,rén shēng,[human] life
人事,rén shì,human affairs matters; ways of the world
人物,rén wù,character; figure; personage
人员,rén yuán,personnel; staff
日常,rì cháng,day-to-day; everyday; usual
日程,rì chéng,programme; schedule; agenda for the day
日历,rì lì,calendar
日期,rì qī,date
日用品,rì yòng pǐn,articles for everyday use
日子,rì zi,life
如何,rú hé,how
如今,rú jīn,nowadays; these days
软,ruǎn,soft
软件,ruǎn jiàn,software
弱,ruò,weak; feeble
洒,sǎ,sprinkle; spray; spill
嗓子,sǎng zi,throat; larynx
色彩,sè cǎi,colour; hue; tint
杀,shā,kill; slaughter; in the extreme
傻,shǎ,stupid; muddleheaded; silly
沙漠,shā mò,desert
沙滩,shā tān,beach
晒,shài,shine upon; dry in the sun; bask
删除,shān chú,to delete; strike out; cut out
闪电,shǎn diàn,lightning
善良,shàn liáng,good and honest; kindhearted
善于,shàn yú,be good at; be adept in
扇子,shàn zi,fan
上当,shàng dàng,be taken in; be fooled; be duped
伤害,shāng hài,to injure
商品,shāng pǐn,goods; merchandise; wares
商务,shāng wù,commercial affairs
商业,shāng yè,commerce; trade; business
蛇,shé,snake; serpent
设备,shè bèi,equipment; device
舍不得,shě bu de,hate to part with; be loath to leave
射击,shè jī,shoot; fire
设计,shè jì,design
设施,shè shī,facilities
摄影,shè yǐng,take a photograph; shoot a film
伸,shēn,stretch; extend
身材,shēn cái,stature; figure
身份,shēn fèn,identity
神话,shén huà,myth; fairy tale
深刻,shēn kè,deep; profound
神秘,shén mì,mysterious; mystical
升,shēng,litre; to promote; to rise
生产,shēng chǎn,produce; manufacture; give birth to
声调,shēng diào,tone; pitch of voice
生动,shēng dòng,lively; vivid
胜利,shèng lì,win; victory; triumph
省略,shěng lüè,leave out; omit; abbreviation
生长,shēng zhǎng,to grow
绳子,shéng zi,cord; rope; string
诗,shī,poetry; verse
士兵,shì bīng,private; rank-and-file soldier
时差,shí chā,time difference
市场,shì chǎng,market
时代,shí dài,times; age; era
似的,shì de,as; -like
实话,shí huà,truth
实践,shí jiàn,put into practice; carry out
使劲儿,shǐ jìn er,exert all one's strength
试卷,shì juàn,examination paper; test paper
时刻,shí kè,time; hour; moment
时髦,shí máo,fashionable; stylish; in vogue
失眠,shī mián,lose sleep; wakefulness; insomnia
时期,shí qī,period
失去,shī qù,lose
湿润,shī rùn,moist
时尚,shí shàng,vogue; trend; fashion
事实,shì shí,fact
石头,shí tou,rock; stone
食物,shí wù,food
事物,shì wù,thing; object
实习,shí xí,practice; fieldwork; internship
实现,shí xiàn,realise; achieve; bring about
事先,shì xiān,in advance; beforehand
实验,shí yàn,experiment; test; trial run
失业,shī yè,lose one's job; be out of work; be unemployed
实用,shí yòng,practical; pragmatic; functional
始终,shǐ zhōng,from beginning to end; from start to finish; throughout
狮子,shī zi,lion
首,shǒu,"first (occasion, thing etc.)"
手工,shǒu gōng,by hand; manual; handmade
收获,shōu huò,gather in the crops; harvest; reap
收据,shōu jù,receipt; acquittance
寿命,shòu mìng,life span; lifetime
受伤,shòu shāng,be injured; be wounded
手术,shǒu shù,surgical operation; operation
手套,shǒu tào,gloves
手续,shǒu xù,procedures; routine; process
手指,shǒu zhǐ,finger
数,shǔ,frequently; repeatedly
鼠标,shǔ biāo,mouse [in computing]
蔬菜,shū cài,vegetables
书架,shū jià,bookcase
数据,shù jù,data
熟练,shú liàn,skilled; practised; proficient
数码,shù mǎ,numerical code; digit; figure
输入,shū rù,to import; input; entry
舒适,shū shì,comfortable; cosy; snug
属于,shǔ yú,belong to; be part of; pertain to
梳子,shū zi,comb
甩,shuǎi,to move backward and forward; to swing
摔倒,shuāi dǎo,to fall down
双方,shuāng fāng,both sides; mutual
税,shuì,tax; duty
说不定,shuō bu dìng,perhaps; maybe
说服,shuō fú,to convince; persuade
撕,sī,tear; rip
丝绸,sī chóu,silk
丝毫,sī háo,the slightest amount
似乎,sì hū,it seems; as if; it looks like
思考,sī kǎo,ponder; reflect on; deliberate
私人,sī rén,private; personal
思想,sī xiǎng,thought; idea
搜索,sōu suǒ,search for; hunt for; scout around
宿舍,sù shè,dormitory; digs
碎,suì,to break to pieces; smash; fragmentary
随身,suí shēn,carry ... with one; with one
随时,suí shí,at any time
随手,suí shǒu,conveniently; without extra trouble
损失,sǔn shī,lose; loss; wastage
锁,suǒ,lock
所,suǒ,"[2nd syllable of many places]; [measure word for houses, buildings, institutions]"
缩短,suō duǎn,shorten; curtail; cut down
太极拳,tài jí quán,taijiquan.[a kind of traditional Chinese shadow boxing]
台阶,tái jiē,step; altar; bench
太太,tài tai,Mrs; Madam
谈判,tán pàn,negotiations; talks
坦率,tǎn shuài,candid; frank; outspoken
烫,tàng,burn; scald; heat up in hot water
逃,táo,run away; flee; escape
桃,táo,peach
套,tào,cover; case; set
逃避,táo bì,escape; evade; shirk
讨价还价,tǎo jià huán jià,bargain/barter with somebody for something
淘气,táo qì,naughty; mischievous
特色,tè sè,characteristic; distinguishing feature
特殊,tè shū,special; particular; exceptional
特征,tè zhēng,characteristic; feature; property
疼爱,téng ài,be very fond of; love dearly
提倡,tí chàng,advocate; promote; recommend
提纲,tí gāng,outline; syllabus; synopsis
体会,tǐ huì,know from experience
题目,tí mù,topic; subject; title
体贴,tǐ tiē,show consideration for
提问,tí wèn,ask a question; put questions to; quiz
体现,tǐ xiàn,embody; reflect; give expression to
体验,tǐ yàn,experience; learn through practice
天空,tiān kōng,sky; the heavens
天真,tiān zhēn,innocent; naive
调皮,tiáo pí,naughty; mischievous
挑战,tiǎo zhàn,throw down the gauntlet; challenge
调整,tiáo zhěng,to adjust; tune-up; trim
通常,tōng cháng,general; usual; normal
痛苦,tòng kǔ,pain; agony; sore
痛快,tòng kuài,very happy; delighted; joyful
统一,tǒng yī,unify; unite; integrate
偷,tōu,steal
透明,tòu míng,transparent
投入,tóu rù,"invest, put into"
投资,tóu zī,invest
吐,tù,vomit; throw up; cough up
突出,tū chū,protruding; sticking out; outstanding
土地,tǔ dì,territory; local god of the land
土豆,tǔ dòu,potato
兔子,tù zi,rabbit; hare
团,tuán,dumpling; [something shaped like a ball]; [measure word for ball-like things]
退,tuì,to retreat; draw back
退步,tuì bù,fall behind; to do less well than before
推辞,tuī cí,decline
推广,tuī guǎng,popularise; spread; generalisation
推荐,tuī jiàn,recommend
退休,tuì xiū,retire
歪,wāi,askew; oblique; slanting
外公,wài gōng,grandfather
外交,wài jiāo,diplomacy; foreign affairs
玩具,wán jù,toy
完美,wán měi,perfect; flawless
完善,wán shàn,perfect; to improve and perfect
万一,wàn yī,just in case; if by any chance
完整,wán zhěng,complete; integrated; whole
往返,wǎng fǎn,go there and back; come and go
网络,wǎng luò,network
王子,wáng zǐ,prince; king's son
胃,wèi,stomach
尾巴,wěi ba,tail; appendage
未必,wèi bì,may not; not necessarily
伟大,wěi dà,great; mighty
违反,wéi fǎn,to violate; transgress; infringe
危害,wēi hài,harm; detriment; damage
围巾,wéi jīn,scarf; muffler; neckerchief
胃口,wèi kǒu,appetite; belly
未来,wèi lái,coming; approaching; future
委屈,wěi qū,feel wronged; nurse a grievance
围绕,wéi rào,center on; revolve round
微笑,wēi xiào,smile
威胁,wēi xié,threaten; menace
维修,wéi xiū,keep in good repair; service; maintain
唯一,wéi yī,only; sole; unique
位于,wèi yú,be located; be situated
位置,wèi zhi,position
闻,wén,hear; smell
吻,wěn,kiss
稳定,wěn dìng,stabilise; steady
问候,wèn hòu,send one's greetings to
文件,wén jiàn,file; document
文具,wén jù,stationery; writing materials
文明,wén míng,civilisation; culture; civilised
温暖,wēn nuǎn,warm
温柔,wēn róu,meek; pleasingly affectionate; gentle and soft
文学,wén xué,literature
文字,wén zì,writing
卧室,wò shì,bedroom
握手,wò shǒu,to shake hands
雾,wù,fog
勿,wù,do not
物理,wù lǐ,physics
无奈,wú nài,cannot help but; have no alternative; have no choice
无数,wú shù,innumerable; countless; myriad
武术,wǔ shù,martial arts
无所谓,wú suǒ wèi,to be indifferent
物质,wù zhì,matter; substance; material
屋子,wū zi,room
系,xì,tie; fasten; system; department
细节,xì jié,details; particulars; minutiae
戏剧,xì jù,play; theatre; script
吸取,xī qǔ,absorb; suck up; assimilate
吸收,xī shōu,absorb; soak up; assimilate
系统,xì tǒng,system
瞎,xiā,blind; aimlessly; groundlessly
吓,xià,threaten; intimidate; to scare
夏令营,xià lìng yíng,summer camp
下载,xià zǎi,download
县,xiàn,county
现代,xiàn dài,modern
显得,xiǎn de,look; seem; appear
显然,xiǎn rán,obvious; evident; clear
显示,xiǎn shì,display; demonstrate; exhibit
现实,xiàn shí,reality; actual
现象,xiàn xiàng,appearance; phenomenon
鲜艳,xiān yàn,brightly coloured
限制,xiàn zhì,to restrict
项,xiàng,nape (of the neck); sum (of money); term [mathematics]
香肠,xiāng cháng,sausage
相处,xiāng chǔ,get along with; get on
相当,xiāng dāng,match; correspond to; be equivalent to
相对,xiāng duì,opposite; face to face; relatively
相关,xiāng guān,be related to; be bound up with; correlation
项链,xiàng liàn,necklace
项目,xiàng mù,project; item; clause
想念,xiǎng niàn,long to see again; miss
象棋,xiàng qí,Chinese chess
享受,xiǎng shòu,enjoy
相似,xiāng sì,resemble; be similar; be alike
想象,xiǎng xiàng,imagine; think; visualize
象征,xiàng zhēng,emblem; symbol; signify
消费,xiāo fèi,consume
消化,xiāo huà,digest
消极,xiāo jí,negative; passive; inactive
效率,xiào lǜ,efficiency; productivity
小麦,xiǎo mài,wheat
小气,xiǎo qi,stingy; mean
消失,xiāo shī,disappear; vanish; dissolve
销售,xiāo shòu,sell; sales
孝顺,xiào shun,filial piety
歇,xiē,have a rest
斜,xié,oblique; slanting; bevel
写作,xiě zuò,writing; pen and ink; penmanship
信号,xìn hào,signal
心理,xīn lǐ,psychology; mentality; mind
信任,xìn rèn,to trust
欣赏,xīn shǎng,appreciate; enjoy; admire
心脏,xīn zàng,heart
形成,xíng chéng,form; shape
行动,xíng dòng,operation; move about; mobile
幸亏,xìng kuī,fortunately; luckily
行人,xíng rén,pedestrian
形容,xíng róng,appearance; countenance
形势,xíng shì,terrain; topographical features; circumstances
形式,xíng shì,form; shape; layout
行为,xíng wéi,action; behaviour; conduct
形象,xíng xiàng,image; figure; vivid
幸运,xìng yùn,good fortune; good luck
性质,xìng zhì,properties; quality; nature
形状,xíng zhuàng,form; appearance; fashion
胸,xiōng,chest; bosom; thorax
兄弟,xiōng dì,brothers
修改,xiū gǎi,revise; amend; modify
休闲,xiū xián,enjoy free time; lie fallow
叙述,xù shù,narrate; recount; relate
虚心,xū xīn,modest; with an open mind
宣布,xuān bù,declare; proclaim; announce
宣传,xuān chuán,propagate; disseminate; give publicity to
血,xuè,blood
学历,xué lì,record of formal schooling; educational background
学术,xué shù,learning; science
学问,xué wèn,learning; knowledge; scholarship
训练,xùn liàn,train; drill
迅速,xùn sù,rapid; swift; prompt
询问,xún wèn,ask about; enquire
寻找,xún zhǎo,seek; look for; search
牙齿,yá chǐ,tooth
押金,yā jīn,cash pledge; deposit; security
延长,yán cháng,lengthen; extend; prolong
宴会,yàn huì,banquet; feast; dinner party
演讲,yǎn jiǎng,give a lecture; make a speech
严肃,yán sù,serious; solemn; earnest
痒,yǎng,itch; tickle
样式,yàng shì,pattern; type; form
阳台,yáng tái,balcony; terrace; gallery
腰,yāo,waist; small of the back
摇,yáo,shake; wave; rock; turn
咬,yǎo,bite; snap at
要不,yào bù,otherwise; or else; or
夜,yè,night; night-time; evening
业务,yè wù,business; professional work
业余,yè yú,spare time; amateur
乙,yǐ,second(ly); the second of the ten Heavenly Stems
亿,yì,100 million
一辈子,yí bèi zi,all one's life
一旦,yí dàn,in a single day; in a very short time; in case [something happens]
移动,yí dòng,shift; move; removal
遗憾,yí hàn,regret; pity
以及,yǐ jí,as well as; along with; and
以来,yǐ lái,since
一律,yí lǜ,same; alike; uniform
议论,yì lùn,comment; discuss
移民,yí mín,migrate; migrant
依然,yī rán,still; as before
意外,yì wài,unexpected; unforeseen
疑问,yí wèn,query; problem; doubt
义务,yì wù,duty; obligation
意义,yì yì,meaning; sense; significance
一再,yí zài,time and again; again and again; repeatedly
一致,yí zhì,identical; unanimous
银,yín,silver
因而,yīn ér,thus; as a result; with the result that
印刷,yìn shuā,print; printing
因素,yīn sù,factor; element
硬,yìng,hard
应付,yìng fu,deal with; cope with; handle
硬件,yìng jiàn,hardware
迎接,yíng jiē,welcome; greet; reception
英俊,yīng jùn,handsome; talented; brilliant
英雄,yīng xióng,hero
营养,yíng yǎng,nutrition; nourishment
营业,yíng yè,do business
应用,yìng yòng,use; app; application
影子,yǐng zi,shadow; reflection; trace
拥抱,yōng bào,embrace; hug
用功,yòng gōng,hardworking; diligent; studious
拥挤,yōng jǐ,crowd; push and squeeze
勇气,yǒng qì,courage; nerve
用途,yòng tú,use
幼儿园,yòu ér yuán,kindergarten; nursery school
优惠,yōu huì,discount
悠久,yōu jiǔ,long-standing; age-old
游览,yóu lǎn,go sightseeing; tour; visit
有利,yǒu lì,advantageous; beneficial; favourable
优美,yōu měi,graceful; fine; exquisite
优势,yōu shì,superiority
犹豫,yóu yù,hesitate; be irresolute
油炸,yóu zhá,deep-fry
预报,yù bào,forecast; prediction
预订,yù dìng,subscribe; book; place an order
预防,yù fáng,prevent; take precautions against; guard against
娱乐,yú lè,amusement; entertainment; recreation
玉米,yù mǐ,maize; corn
与其,yǔ qí,rather than; better than
语气,yǔ qì,tone; manner of speaking; mood
圆,yuán,round
元旦,yuán dàn,New Year's Day
员工,yuán gōng,staff
原料,yuán liào,raw material; crude material
愿望,yuàn wàng,desire; wish; aspiration
原则,yuán zé,principle
乐器,yuè qì,musical instrument
晕,yūn,dizzy; giddy; faint
运气,yùn qi,fortune; luck
运输,yùn shū,transport; carriage; conveyance
运用,yùn yòng,utilise; apply; put to use
灾害,zāi hài,damage; disaster; calamity
在乎,zài hu,care about; mind; take to heart
再三,zài sān,again and again; repeatedly
在于,zài yú,to be in/at
赞成,zàn chéng,approve of; agree with; endorse
赞美,zàn měi,praise; eulogize
造成,zào chéng,give rise to; bring about; cause
糟糕,zāo gāo,how terrible; what bad luck; too bad
则,zé,standard; norm; criterion
责备,zé bèi,reproach; blame; reprove
摘,zhāi,pick; pluck; strip
窄,zhǎi,narrow
占,zhàn,to occupy
展开,zhǎn kāi,develop; spread; unfold
展览,zhǎn lǎn,put on display; exhibit; show
粘贴,zhān tiē,paste; stick
战争,zhàn zhēng,war; warfare
涨,zhǎng,swell up; rise; be more than expected
长辈,zhǎng bèi,elder member of a family
账户,zhàng hù,(bank) account
掌握,zhǎng wò,grasp; master; know well
照常,zhào cháng,as usual
招待,zhāo dài,receive; entertain; serve
着火,zháo huǒ,to burn
召开,zhào kāi,convene
着凉,zháo liáng,catch cold; catch a chill
哲学,zhé xué,philosophy
阵,zhèn,battle array; position; front
振动,zhèn dòng,vibrate; vibrant
诊断,zhěn duàn,diagnosis
针对,zhēn duì,be directed against; be aimed at
真实,zhēn shí,true; real; authentic
珍惜,zhēn xī,treasure; value; cherish
睁,zhēng,open (eyes)
正,zhèng,straight; upright; correct
挣,zhèng,to make (money)
政府,zhèng fǔ,government
整个,zhěng gè,whole; total; entire
证件,zhèng jiàn,credentials; papers
证据,zhèng jù,evidence; proof; testimony
争论,zhēng lùn,argue; debate
整齐,zhěng qí,tidy
征求,zhēng qiú,solicit; seek; ask for
争取,zhēng qǔ,strive for; fight for
整体,zhěng tǐ,ensemble; whole; entirety
政治,zhèng zhì,politics; political affairs
支,zhī,branch; the twelve Earthly Branches
直,zhí,straight; direct
指导,zhǐ dǎo,guide; direct; conduct
制定,zhì dìng,draw up; draft; formulate
制度,zhì dù,system; institution
指挥,zhǐ huī,command; direct; conduct
智慧,zhì huì,wisdom; intelligence; wit
至今,zhì jīn,up to now; hitherto; so far
治疗,zhì liáo,treat; cure; remedy
支票,zhī piào,check/cheque
秩序,zhì xù,order; sequence
至于,zhì yú,go so far as to
志愿者,zhì yuàn zhě,volunteer
制造,zhì zào,to manufacture
执照,zhí zhào,license; permit
制作,zhì zuò,manufacture
重大,zhòng dà,important
中介,zhōng jiè,intermediary
种类,zhǒng lèi,kind
重量,zhòng liàng,weight; scale; heft
中心,zhōng xīn,centre
中旬,zhōng xún,[the middle ten days of a month]
周到,zhōu dao,attentive; considerate; thorough
猪,zhū,pig
煮,zhǔ,boil; cook; stew
逐步,zhú bù,step by step; progressively; gradually
注册,zhù cè,register
主持,zhǔ chí,take charge of; manage; direct
主动,zhǔ dòng,take the initiative
祝福,zhù fú,blessing; benediction; wish happiness to
主观,zhǔ guān,subjective
逐渐,zhú jiàn,gradually
主人,zhǔ rén,owner
主任,zhǔ rèn,director
主题,zhǔ tí,theme; subject; topic
主席,zhǔ xí,chairperson
主张,zhǔ zhāng,claim; assertionl; proposal
竹子,zhú zi,bamboo
抓,zhuā,to grab
抓紧,zhuā jǐn,firmly grasp; pay close attention to
转变,zhuǎn biàn,change; convert; turn
转告,zhuǎn gào,pass on; communicate; transmit
专家,zhuān jiā,specialist; expert
专心,zhuān xīn,engrossed; concentrating
装,zhuāng,dress; attire; clothing
撞,zhuàng,to hit
状况,zhuàng kuàng,condition; state; status
装饰,zhuāng shì,ornament; decorate; embellish
状态,zhuàng tài,status; condition; state of affairs
装修,zhuāng xiū,to decroate
追,zhuī,chase
追求,zhuī qiú,seek; pursue; woo
紫,zǐ,purple
自从,zì cóng,since
自动,zì dòng,voluntarily; of one's own accord; spontaneous
资格,zī gé,qualification; seniority
自豪,zì háo,be proud of
资金,zī jīn,fund
自觉,zì jué,be aware of; conscientious
资料,zī liào,means; resources; materials
字母,zì mǔ,letters [of an alphabet]
字幕,zì mù,captions; subtitles
姿势,zī shì,posture; gesture
自私,zì sī,selfish; self-centred; self-seeking
咨询,zī xún,seek advice from; consult
自由,zì yóu,freedom; liberty
资源,zī yuán,(natural) resources
自愿,zì yuàn,of one's own free will; voluntarily
总裁,zǒng cái,president; director general
总共,zǒng gòng,in all; altogether
综合,zōng hé,synthesise; comprehensive; multiple
总理,zǒng lǐ,prime minister
总算,zǒng suàn,at long last; finally
总统,zǒng tǒng,president
总之,zǒng zhī,in a word; in short; in brief
组,zǔ,group; set; series
组成,zǔ chéng,to form
组合,zǔ hé,make up; compose; constitute
组织,zǔ zhī,organisation
阻止,zǔ zhǐ,arrest; stop; prevent
醉,zuì,drunk; intoxicated
最初,zuì chū,initial; first; prime
尊敬,zūn jìng,respect; honour; esteem
遵守,zūn shǒu,observe; abide by; comply with
作品,zuò pǐn,works; opus
作为,zuò wéi,to act as; conduct 
作文,zuò wén,write a composition